{"cameraMode":{"drawMode":0,"name":"Shaded","section":"Shading Mode"},"sceneLighting":true,"audioPlay":false,"sceneViewState":{"showFog":true,"showMaterialUpdate":false,"showSkybox":true,"showFlares":true,"showImageEffects":true,"showParticleSystems":true},"in2DMode":false,"pivot":{"x":-0.21495549380779267,"y":3.2335009574890138,"z":20.181583404541017},"rotation":{"x":-0.020989011973142625,"y":-0.029988888651132585,"z":-0.0006298592197708786,"w":0.9993296265602112},"size":4.151144981384277,"orthographic":false}